duration,mean_flowiat,std_flowiat,min_flowiat,max_flowiat,flowPktsPerSecond,flowBytesPerSecond,mean_pkt_size,min_pkt_size,max_pkt_size,src,dst,protocol,congested
472.207081003,0.9578236937180528,4.184674755775723,7.147999994572274e-06,37.092907052,1.0461511905977996,143.32906625678072,137.00607287449392,70,495,10.42.0.1,10.42.0.202,DNS,1
491.799743858,25.88419704515789,50.15082034696686,7.499999999993623e-06,133.299761817,0.04066695895997601,14.198868720875623,349.15,54,1514,10.42.0.202,172.183.7.193,TCP,1
358.380817913,27.567755224076922,95.44110756793329,0.00012431499999998596,358.18544542899997,0.03906459079346881,12.299765444115035,314.85714285714283,105,1467,10.42.0.202,172.183.7.193,TLSv1.2,1
493.081103745,13.69669732625,13.932283218401672,0.07899274499999365,30.37551752500002,0.07503836532972227,6.753452879675004,90.0,90,90,10.42.0.202,185.125.190.56,NTP,1
493.460506069,3.334192608574324,4.052692080232703,0.02276271800002405,21.05096807999999,0.30194918978818036,61.79015265658662,204.63758389261744,88,771,10.42.0.202,162.159.134.234,TLSv1.2,1
493.512367986,2.3613031961052635,3.6755479470049064,0.00010488899999927526,21.046002711,0.425521250575745,36.63737967457165,86.1,54,611,10.42.0.202,162.159.134.234,TCP,1
77.119173495,0.61695338796,3.142835334892083,2.8709999995157887e-06,26.69239907499999,1.6338349374059251,1231.807807252486,753.936507936508,65,1292,10.42.0.202,162.159.128.233,QUIC,1
202.241553593,3.1114085168153847,5.48270489978875,0.0002862219999997251,14.043988969999994,0.3263424297700035,36.0855614009316,110.57575757575758,54,1514,10.42.0.202,162.159.137.234,TCP,1
201.86309597399998,4.485846577199999,6.164062805670073,4.704000000188557e-06,14.181952632000005,0.22787721439645814,57.56871975002696,252.6304347826087,63,1514,10.42.0.202,162.159.137.234,TLSv1.3,1
200.64415416900002,1.3649262188367346,2.1743139287492967,6.379600000627761e-05,5.458439526999996,0.737624281220481,51.05556173528788,69.21621621621621,50,116,10.42.0.202,104.29.154.98,UDP,1
200.50006189799998,0.8285126524710743,0.29056412203027254,0.020643774000006943,1.3860336839999832,1.2119697006558579,115.1221589734095,94.98765432098766,70,102,10.42.0.202,104.29.154.98,RTCP,1
468.715377695,13.019871602638888,14.399353193258767,0.0012786849999883998,31.483352034999996,0.078939163852389,3.315444881800338,42.0,42,42,AzureWaveTec_cc:4c:43,RaspberryPi_53:8b:dc,ARP,1
173.46662475800002,10.841664047375001,41.74194629278397,0.0009761849999989636,172.507240499,0.0980015609556961,5.678325737727097,57.94117647058823,54,85,10.42.0.202,162.159.135.232,TCP,1
172.700379521,19.18893105788889,54.23451033190028,1.3258999999266052e-05,172.587282263,0.057903752312159926,41.77176691799217,721.4,85,1514,10.42.0.202,162.159.135.232,TLSv1.2,1
350.935545246,4.1778041100714285,12.856720606289482,2.4629999870739994e-06,59.304489394,0.24220971956664125,82.12619208976668,339.0705882352941,54,1466,10.42.0.202,142.251.40.238,TCP,1
305.900249524,9.867749984645162,43.06952074385281,9.603700000582194e-05,238.688709418,0.10460926413036278,46.629579486109215,445.75,85,1466,10.42.0.202,142.251.40.238,TLSv1.3,1
0.19539461400000846,0.006106081687500264,0.017536805997651315,4.795999998918887e-06,0.09808981599999811,168.88899506717505,95345.51448792337,564.5454545454545,66,1292,10.42.0.202,142.251.210.46,QUIC,1
10.601469221000002,0.09726118551376149,0.8630406473720433,4.2030000031445525e-06,9.060256472000006,10.375920328298049,5490.937037735327,529.2,66,1292,10.42.0.202,142.250.190.234,QUIC,1
0.1652875269999896,0.005903125964285343,0.018200012383546335,1.9999999949504854e-06,0.09959727900000814,175.45183551570605,95191.695862211,542.551724137931,54,1466,10.42.0.202,142.251.210.46,TCP,1
0.16128223100000127,0.006451289240000051,0.013116669274216198,1.8666999991978628e-05,0.05235034300000052,161.20808745508856,79041.5653414411,490.3076923076923,54,1466,10.42.0.202,142.250.190.234,TCP,1
0.11284598000000301,0.016120854285714716,0.02202195427465693,7.987000000753142e-05,0.06853945099999237,70.89308808341943,59700.84180224958,842.125,128,1466,10.42.0.202,142.251.210.46,TLSv1.3,1
0.1268202740000106,0.018117182000001515,0.026350051505888913,8.998200000576162e-05,0.08130079999999396,63.08139659120537,42564.17234991582,674.75,144,1466,10.42.0.202,142.250.190.234,TLSv1.3,1
278.290966793,1.3641714058480392,10.88747575632619,3.555000006372211e-06,132.941930546,0.7366390737090805,426.4816834255411,578.9560975609756,63,1292,10.42.0.202,142.251.179.84,QUIC,1
413.26848965,1.1291488788251365,4.85682484225448,3.796999990868244e-06,29.826000324000006,0.8880425418129867,304.57197476294454,342.9700272479564,63,1292,10.42.0.202,142.251.153.119,QUIC,1
393.595212587,5.7881648909852945,44.67168988101212,5.64799999835941e-06,370.941007732,0.1753070103329783,81.10362875143962,462.6376811594203,54,1514,10.42.0.202,23.44.209.226,TCP,1
390.624796625,13.469820573275861,67.65532891837015,2.4147999965862255e-05,370.98094878,0.07680003998517282,49.02402552386865,638.3333333333334,78,1514,10.42.0.202,23.44.209.226,TLSv1.3,1
59.752214964000004,1.0302106028275864,7.7072134081922155,5.111000007218536e-06,59.21754920599999,0.9874110948949222,576.1627417618218,583.5084745762712,65,1292,10.42.0.202,142.250.72.14,QUIC,1
407.41494922799995,6.172953776181817,14.656761843159652,1.9259999959331253e-06,46.219182255999954,0.16445150117087398,54.27144988640589,330.0149253731343,54,1514,10.42.0.202,157.90.91.71,TCP,1
3.656417527000002,0.02328928361146498,0.17078201845646612,1.5179999905967634e-06,2.042534661000005,43.21169528186651,40482.24769380937,936.8354430379746,54,1514,10.42.0.202,23.33.40.149,TCP,1
3.644359326,0.071458026,0.296842259488329,9.296000001768334e-06,2.0615346029999984,14.26862593625599,9024.905904681915,632.5,78,1514,10.42.0.202,23.33.40.149,TLSv1.3,1
370.56528362999995,3.9845729422580645,16.263648112100647,4.173999997192368e-05,133.738537924,0.2536665039940887,56.219513592647345,221.62765957446808,54,1514,10.42.0.202,172.64.152.241,TCP,1
325.411325077,5.084551954328125,23.38923905538286,2.4449999926901e-06,137.10145902200003,0.1997471968273368,140.52368948493012,703.5076923076923,85,1514,10.42.0.202,172.64.152.241,TLSv1.3,1
2.983022645999995,0.11473164023076904,0.4495667605253109,3.2229999931132625e-06,2.3450515710000133,9.05122193296284,2943.993741306654,325.25925925925924,54,1514,10.42.0.202,100.51.138.186,TCP,1
2.966696870000007,0.14833484350000034,0.522272703704554,1.025899999262947e-05,2.402221469000011,7.078579619089951,3381.8756818252136,477.76190476190476,78,1514,10.42.0.202,100.51.138.186,TLSv1.3,1
360.257411969,11.621206837709677,35.16878844747816,4.852000003552348e-06,119.97264072000002,0.0888253757920006,41.33155767321528,465.3125,78,1514,10.42.0.202,157.90.91.71,TLSv1.3,1
370.488013033,4.689721683962025,17.64328186876299,1.9351999981154222e-05,135.18819915199998,0.21593141258493095,52.714256097296264,244.125,54,1514,10.42.0.202,104.18.38.60,TCP,1
325.32399694400004,8.341640947282052,29.48617644044841,1.4278000008971503e-05,138.40020753599998,0.12295434820593772,51.34573581079959,417.6,85,1514,10.42.0.202,104.18.38.60,TLSv1.3,1
3.500440906999998,0.08751102267499995,0.34758865594882765,2.7220000049510418e-06,2.1566404200000022,11.71281021142518,4611.4190837274455,393.7073170731707,54,1514,10.42.0.202,23.33.40.139,TCP,1
3.4751308740000013,0.15109264669565223,0.4541329802642361,3.7960000014436446e-06,2.167243917999997,6.9062147211667835,4056.250112898624,587.3333333333334,78,1514,10.42.0.202,23.33.40.139,TLSv1.3,1
32.12646910699999,0.47244807510294107,3.640927942099631,4.629999992289413e-06,30.269475635999996,2.1477617029804774,1436.2611666510898,668.7246376811594,63,1292,10.42.0.202,142.251.211.202,QUIC,1
0.10037083500000676,0.0031365885937502114,0.0065207442340661495,6.110999990482924e-06,0.03272636500000203,328.78076584694924,183987.70917865488,559.6060606060606,66,1292,10.42.0.202,142.250.65.234,QUIC,1
2.7445381309999988,0.19603843792857134,0.6782009083428796,6.518000006394686e-06,2.640747742000002,5.465400473242689,2361.781724503941,432.1333333333333,54,1466,10.42.0.202,142.250.65.234,TCP,1
0.02534021799999664,0.00633505449999916,0.004943821485906817,6.09629999956951e-05,0.013713553000002321,197.31479816001044,128294.08176363878,650.2,144,1466,10.42.0.202,142.250.65.234,TLSv1.3,1
390.429813437,9.079763103186046,35.25717638730336,2.556000026743277e-06,223.89105311500003,0.1126963118227647,29.426543784812356,261.1136363636364,54,1494,10.42.0.202,3.168.73.108,TCP,1
299.982371724,11.110458212000001,44.46120177308245,7.130000028610084e-06,226.54666752,0.0933388180081512,37.79888776408666,404.9642857142857,85,1494,10.42.0.202,3.168.73.108,TLSv1.3,1
3.1553328189999945,0.005574792966431086,0.04346117203580126,-1.479999980347202e-07,0.7043575619999984,179.69578251326806,134268.8788481811,747.2010582010582,63,1494,10.42.0.202,23.33.40.149,QUIC,1
2.1819089709999986,0.10390042719047612,0.34831658083804673,3.1849999970745557e-06,1.6005041100000028,10.082913766066556,3144.03583796439,311.8181818181818,54,1466,10.42.0.202,142.251.211.138,TCP,1
400.628745933,0.43171201070366366,12.048226641928505,1.4069999991761506e-06,366.59992602799997,2.3188550732586806,2006.388728117947,865.2497308934338,63,1494,10.42.0.202,23.33.40.139,QUIC,1
0.5492377190000042,0.03230810111764731,0.10828785722512611,1.544500000250082e-05,0.46399943699999824,32.77269454977083,9893.712343525262,301.8888888888889,85,1466,10.42.0.202,142.251.211.138,TLSv1.3,1
192.619680486,3.6343335940754717,18.439286103257903,2.1165999996242135e-05,128.36014164200003,0.2803451852051267,54.407732239809775,194.07407407407408,54,1514,10.42.0.202,18.232.221.216,TCP,1
192.42356416899997,5.831017096030301,24.03099107132665,1.3851000005615788e-05,128.59915771099998,0.1766935361936171,76.50830117183621,433.0,85,1514,10.42.0.202,18.232.221.216,TLSv1.2,1
0.30459594599999207,0.0023251598931297106,0.009092833090174992,3.5179999997581035e-06,0.09064663300000575,433.36098767382623,373616.26605497557,862.1363636363636,85,1494,10.42.0.202,13.33.66.207,QUIC,1
0.05326526899999351,0.003133251117646677,0.005319598222681393,5.57399999934205e-06,0.022606941000006486,337.93126999888415,255832.74534859968,757.0555555555555,66,1292,10.42.0.202,142.251.211.138,QUIC,1
411.50018686600004,3.5782624944869563,11.542543773483995,2.7589999973542945e-06,45.01278022599996,0.2818953762414061,111.10566035997489,394.13793103448273,54,1514,10.42.0.202,199.232.38.219,TCP,1
411.48684153600004,6.636884540903225,29.72441393544536,1.6670000064777923e-06,219.19866699,0.15310331617126152,79.23218122431173,517.5079365079365,78,1510,10.42.0.202,199.232.38.219,TLSv1.3,1
1.2876487380000015,0.021108995704918056,0.15073806051861038,1.4630000038096114e-06,1.1884608479999912,48.14977731916197,43406.24764391292,901.483870967742,54,1514,10.42.0.202,150.171.28.10,TCP,1
0.06512415499999236,0.004651725357142311,0.004790358095166322,8.212999999557269e-05,0.015059831000002077,230.3292841189534,118803.84474855618,515.8,85,1514,10.42.0.202,150.171.28.10,TLSv1.3,1
142.203302408,2.7883000472156865,16.932729828893155,1.7410000054951524e-06,121.51909443000001,0.3656736455444976,153.32977245100435,419.3076923076923,54,1514,10.42.0.202,20.190.190.130,TCP,1
141.744881636,3.7301284641052623,19.685187085869778,9.4259999912083e-06,122.34090325,0.2751422100739536,155.38479940714944,564.7435897435897,85,1514,10.42.0.202,20.190.190.130,TLSv1.3,1
0.8467269259999881,0.05292043287499926,0.1606556014784158,5.9462999999482236e-05,0.6729846790000096,20.077311206234437,11410.998874978655,568.3529411764706,54,1514,10.42.0.202,20.190.151.6,TCP,1
0.09031818799999769,0.018063637599999537,0.01822632280304671,0.0025614259999997557,0.053156582999989155,66.43180219691911,39305.48296651048,591.6666666666666,105,1087,10.42.0.202,20.190.151.6,TLSv1.2,1
372.02785256100003,2.4315545919019605,22.580611808063004,6.037000005676418e-06,260.160309981,0.41394750134937597,99.37965597330603,240.07792207792207,54,1514,10.42.0.202,24.24.52.1,TCP,1
371.47585562,2.561902452551724,23.234401123044883,2.7780000095845025e-06,260.74336336,0.39302688934203633,72.3546351488716,184.0958904109589,54,1514,10.42.0.202,204.14.56.16,TCP,1
410.792453749,0.0016655143555906037,0.5442077874419758,-0.0005285189999995055,260.648383747,600.4175533144161,720999.634479583,1200.8303729621687,54,1514,10.42.0.202,132.236.90.164,TCP,1
371.466060511,2.7516004482296297,24.032798507038322,8.870999991472672e-06,260.296039402,0.3661168931904957,70.20829834123623,191.76470588235293,54,1514,10.42.0.202,192.230.150.250,TCP,1
372.00396071299997,2.7761489605447767,24.10718258042244,4.982000007203169e-06,260.13702411500003,0.362899361988654,69.88366454532621,192.57037037037037,54,1514,10.42.0.202,207.66.66.2,TCP,1
371.46460899199997,2.6724072589352517,23.725010319627877,4.869999997936247e-06,260.754752414,0.37688650980749316,72.02031997771331,191.09285714285716,54,1514,10.42.0.202,192.154.248.136,TCP,1
371.443940107,2.6343541851560284,23.51360133632698,6.037000005676418e-06,260.181501237,0.3822918741360938,71.58549953013193,187.25352112676057,54,1514,10.42.0.202,207.66.70.10,TCP,1
371.440644829,2.61577918893662,23.427584337125587,6.573999996817292e-06,260.124594543,0.3849874858628701,72.7464815069973,188.95804195804195,54,1514,10.42.0.202,23.145.225.4,TCP,1
371.395223505,0.0026241634117742654,0.648300069571513,-0.000230907999991814,219.63561048900002,381.0765218365675,379989.58809468924,997.1477283968063,54,1514,10.42.0.202,208.64.72.11,TCP,1
371.31119401800004,2.633412723531915,23.52089062398808,8.481000008941919e-06,260.28262508899996,0.3824285458873515,71.39833225365898,186.69718309859155,54,1514,10.42.0.202,209.50.132.5,TCP,1
408.187521612,13.6062507204,20.725050288752005,3.105599999742026e-05,46.874922233999996,0.07594548671545831,21.74245789031266,286.2903225806452,54,1466,10.42.0.202,172.253.63.188,TCP,1
79.223019895,0.8611197814673912,5.848926781433604,4.111999999167892e-06,49.415861753000016,1.1739012237006319,661.840460884895,563.7956989247311,64,1292,10.42.0.202,142.250.68.206,QUIC,1
0.05862228700000571,0.008374612428572245,0.008307970774319341,1.6297000001941342e-05,0.02368601400000614,136.46686967363146,63883.553365968735,468.125,88,1466,10.42.0.202,172.253.63.188,TLSv1.3,1
0.6113644299999947,0.03821027687499967,0.12452693329376051,1.3537000000951593e-05,0.5181262429999975,27.80665535284764,13088.756243146283,470.70588235294116,54,1466,10.42.0.202,142.250.68.206,TCP,1
0.027623161999997592,0.006905790499999398,0.004816490476724752,0.00010742599999957747,0.013722942000001126,181.00751825589106,144371.5965608987,797.6,128,1466,10.42.0.202,142.250.68.206,TLSv1.3,1
21.396285000999995,0.8558514000399998,2.021782694688852,0.00025611099999878206,8.18800069800001,1.215164221208721,208.26045268100236,171.3846153846154,54,1514,10.42.0.202,98.89.133.254,TCP,1
20.986666999000008,1.9078788180909099,6.00968998220816,7.000000010748408e-06,20.912165809,0.5717916046684205,312.05526824779054,545.75,78,1514,10.42.0.202,98.89.133.254,TLSv1.3,1
21.285099058,0.5752729475135135,3.3624088345383814,1.0722000013174693e-05,20.748443613999996,1.7852865000277134,1196.7057297027873,670.3157894736842,54,1514,10.42.0.202,52.23.29.133,TCP,1
20.874435535999993,1.3046522209999996,5.025372394962564,2.981999998041829e-06,20.767806370000002,0.8143932788353413,448.29954725536027,550.4705882352941,78,1514,10.42.0.202,52.23.29.133,TLSv1.3,1
21.154780062,1.0577390031,4.490564667751537,0.00023407400000508005,20.63047939399999,0.9926834473558045,194.47141440103712,195.9047619047619,54,1514,10.42.0.202,35.153.119.32,TCP,1
20.730980876000004,1.2956863047500002,4.996433997505492,3.966599999216669e-05,20.646774484000005,0.8200287338878735,333.3175618332474,406.47058823529414,68,1514,10.42.0.202,35.153.119.32,TLSv1.3,1
240.56235686800002,9.252398341076924,17.689108257301406,6.834000004118934e-06,45.33587893000001,0.1122370114407188,29.909085085776734,266.48148148148147,54,1466,10.42.0.202,216.239.38.223,TCP,1
240.316173133,15.019760820812499,58.0103571059079,6.093000010309879e-06,239.692617445,0.07074014111647642,35.77370548107928,505.70588235294116,85,1466,10.42.0.202,216.239.38.223,TLSv1.3,1
291.24328408499997,5.495156303490566,14.0966729863441,3.277999994111269e-06,44.77135669500001,0.18541200072527675,39.88418148934842,215.11111111111111,54,1466,10.42.0.202,142.251.179.84,TCP,1
245.789560713,18.906889285615385,63.73990279814931,7.920400000216432e-05,239.668509394,0.05695929460709407,36.791635795139406,645.9285714285714,110,1466,10.42.0.202,142.251.179.84,TLSv1.3,1
167.05890743599997,0.1157719386250866,2.686303246629243,2.981999983830974e-06,100.00612706000001,8.643657630486985,5540.686301654428,641.0117728531856,64,1292,10.42.0.202,142.250.217.14,QUIC,1
363.690226555,6.735004195462961,15.795564225021028,1.6148000000271168e-05,44.667983972,0.1512275997102784,32.91262488240059,217.63636363636363,54,1514,10.42.0.202,199.232.37.91,TCP,1
291.703953579,3.4318112185764704,10.320094814057233,1.5560000008463248e-06,44.739841367,0.2948194528899632,102.26806882108585,346.8837209302326,54,1466,10.42.0.202,142.250.217.14,TCP,1
1.4853118699999897,0.09902079133333265,0.16241586507027814,3.981000006092472e-06,0.4536324580000013,10.772148478150998,6291.607970520066,584.0625,85,1510,10.42.0.202,199.232.37.91,TLSv1.3,1
246.050395058,14.47355265047059,38.537871047510464,8.455599999024344e-05,130.363315422,0.07315574517064671,45.48255245581708,621.7222222222222,110,1466,10.42.0.202,142.250.217.14,TLSv1.3,1
298.808269763,10.671723920107143,54.81097338492076,4.481999994254693e-06,295.47416412399997,0.09705220013824038,23.044877591445633,237.44827586206895,54,1514,10.42.0.202,23.44.133.47,TCP,1
298.005976515,11.037258389444444,55.947941652408176,9.888999997542669e-06,296.314880014,0.09395784717958713,33.83489189684918,360.10714285714283,78,1514,10.42.0.202,23.44.133.47,TLSv1.3,1
115.03961093299999,1.0554092746146788,10.440096539661832,6.592999994836646e-06,109.545647708,0.9561923854563877,737.4155676639662,771.2,63,1292,10.42.0.202,142.250.217.131,QUIC,1
1.7889309840000038,0.05111231382857154,0.10447559402371469,5.610999991745302e-06,0.4810958969999888,20.12375006189726,15139.767963234037,752.3333333333334,67,1292,10.42.0.202,142.250.217.1,QUIC,1
88.93538927299998,5.231493486647058,13.792332855496038,3.555000006372211e-06,44.148374284,0.20239412170048987,75.12195150449848,371.1666666666667,54,1466,10.42.0.202,142.251.210.40,TCP,1
5.624614054000006,0.017576918918750017,0.03682112701936846,4.981000003567715e-06,0.3693501940000061,57.07058242897881,50382.834676179846,882.816199376947,66,1292,10.42.0.202,142.251.45.163,QUIC,1
0.884024844999999,0.22100621124999975,0.37065548654021563,0.00013823999999829084,0.8629462199999978,5.655949635668899,3829.077903347845,677.0,128,1466,10.42.0.202,142.251.210.40,TLSv1.3,1
1.756649490000001,0.04747701324324327,0.09648506507824435,7.203999999205735e-06,0.4070989469999944,21.63209007620523,16780.239978323727,775.7105263157895,67,1292,10.42.0.202,142.250.68.202,QUIC,1
85.60766435400001,12.229666336285716,29.586380596840065,0.007661627999993925,84.70044119800001,0.09344957674489107,120.73685315439927,1292.0,1292,1292,10.42.0.202,142.251.153.119,UDP,1
371.539219813,1.9452315173455497,4.418191735002831,4.795999998918887e-06,15.244063650000015,0.5167691316589291,198.25363265033886,383.640625,63,1292,10.42.0.202,142.251.211.74,QUIC,1
292.066883404,4.787981695147542,13.297110510425018,1.6110000018443316e-06,44.936463925,0.21228014377185933,79.92689800339168,376.51612903225805,54,1466,10.42.0.202,142.251.211.74,TCP,1
292.107328731,3.175079660119565,9.834067689135752,3.999999989900971e-06,44.787399284,0.3183761270352898,75.53045689010321,237.23655913978496,54,1466,10.42.0.202,142.250.217.131,TCP,1
292.105796953,3.5622658164999996,11.591313353004876,3.480999993143996e-06,44.674645878000035,0.28414362489818973,60.019349779699546,211.2289156626506,54,1466,10.42.0.202,142.251.45.163,TCP,1
246.146122874,18.934317144153848,63.7475096147978,0.00014142599999900085,239.72142362600002,0.05687678455600324,36.41332999824693,640.2142857142857,110,1466,10.42.0.202,142.251.211.74,TLSv1.3,1
246.224830527,10.705427414217391,33.64104739587874,0.00010077800000374282,128.69649288,0.09747189163916699,71.88145875506736,737.4583333333334,110,1466,10.42.0.202,142.250.217.131,TLSv1.3,1
246.232085155,12.31160425775,52.17065546654487,8.320300000264069e-05,239.67607776300002,0.08528539238410285,54.428325177702206,638.1904761904761,110,1466,10.42.0.202,142.251.45.163,TLSv1.3,1
6.532941413000003,0.03420388174345551,0.2773510778257691,2.8149999877769005e-06,3.284777018999989,29.389518114755504,20416.07165412367,694.671875,65,1292,10.42.0.202,142.251.40.238,QUIC,1
240.38590656600002,5.008039720125001,13.805390065303525,2.5929999765139655e-06,45.381400496,0.20383890511712102,70.32858224306221,345.0204081632653,54,1466,10.42.0.202,142.250.72.14,TCP,1
240.355660441,10.925257292772727,49.98834391452026,3.7970000050790986e-06,240.000519077,0.09569152628983248,40.78955320632685,426.2608695652174,85,1466,10.42.0.202,142.250.72.14,TLSv1.3,1
63.35806415000002,1.0386567893442626,7.775208884774234,5.982000004678412e-06,61.26406281200002,0.978565251823591,635.4518645753161,649.3709677419355,63,1292,10.42.0.202,172.253.145.94,QUIC,1
76.81590615000002,0.760553526237624,4.833806467513909,1.120400003173927e-05,44.621083664999986,1.3278499872255947,424.4303248383928,319.6372549019608,54,1514,10.42.0.202,34.227.246.247,TCP,1
61.07215903100001,1.8506714857878792,10.263016887143559,1.4351999993778009e-05,59.906361513000036,0.5567184874329024,304.4922644794781,546.9411764705883,78,1514,10.42.0.202,34.227.246.247,TLSv1.3,1
131.607209242,1.9073508585797103,15.601706574703787,2.629999983128073e-06,130.562167924,0.5318857561312135,332.2310400154454,624.6285714285714,65,1292,10.42.0.202,162.159.137.232,QUIC,1
246.16327042700001,3.0390527213209877,10.797153790370153,7.111000002169021e-06,44.76454873199998,0.333112246427995,88.84753587349608,266.719512195122,54,1466,10.42.0.202,142.250.72.10,TCP,1
245.79380239800003,12.289690119900001,52.172194735605366,0.00010220400000093832,239.64909321300001,0.08543746748339849,54.20803889280007,634.4761904761905,85,1466,10.42.0.202,142.250.72.10,TLSv1.3,1
21.037553434999978,0.08282501352362197,0.5957193792263161,8.962999999084786e-06,8.047441094000021,12.121181333555588,7295.9054138226675,601.913725490196,66,1292,10.42.0.202,142.251.41.182,QUIC,1
69.89521471100002,1.62547010955814,7.380792014600354,1.8150000187233672e-06,44.20997290400001,0.6295137683163213,241.28976596942633,383.29545454545456,54,1466,10.42.0.202,142.251.41.182,TCP,1
2.0796058589999973,0.05332322715384608,0.07140688424292752,1.337000000489752e-05,0.323638313999993,19.234413976518834,7994.303308990639,415.625,64,1292,10.42.0.202,142.250.217.234,QUIC,1
0.8956845289999933,0.29856150966666445,0.08559681244859245,0.1839846530000102,0.38967787599997905,4.465858090086571,1957.1623079804397,438.25,118,586,10.42.0.202,104.18.38.60,TLSv1.2,1
205.672670225,2.0987007165816327,14.593473504888001,6.055000028482027e-06,118.87854837399999,0.4813473753790275,316.35705380213943,657.2323232323232,67,1292,10.42.0.202,142.250.188.3,QUIC,1
1.28643940500001,0.16080492562500126,0.11214529785633849,0.008989405000022543,0.3826478400000042,6.996054353605508,4871.585848227302,696.3333333333334,128,1466,10.42.0.202,142.251.41.182,TLSv1.3,1
1.9970598550000034,0.04249063521276603,0.059332409190609926,8.944999990490032e-06,0.2813975990000017,24.035333683075773,15689.06406162771,652.75,66,1292,10.42.0.202,172.253.62.101,QUIC,1
67.498922427,1.467367878847826,7.064391014784613,3.203999995093909e-06,44.659702455,0.6963074121787713,261.64862141466557,375.7659574468085,54,1466,10.42.0.202,172.253.62.101,TCP,1
1.0435326699999905,0.1304415837499988,0.10191125304735323,0.003988609999993287,0.30411076200002185,8.624550297979729,6650.486563108813,771.1111111111111,128,1466,10.42.0.202,172.253.62.101,TLSv1.3,1
204.591152599,1.585977927124031,12.591874601303173,3.1110000122680503e-06,118.952480917,0.6354135960844839,368.86248032393587,580.5076923076923,64,1292,10.42.0.202,142.250.190.238,QUIC,1
65.84934104800001,1.21943224162963,6.422025647118553,2.4629999870739994e-06,44.43483538300001,0.8352399450726238,353.3672414889979,423.07272727272726,54,1466,10.42.0.202,142.250.190.238,TCP,1
1.236723358000006,0.1766747654285723,0.1041557100126593,0.009870608999989372,0.29685296700000663,6.468706156676278,4887.107501368928,755.5,128,1466,10.42.0.202,142.250.190.238,TLSv1.3,1
1.4588254310000082,0.07294127155000041,0.0967177453491822,1.7203999988169016e-05,0.3135929640000086,14.395142526138127,9937.446723877354,690.3333333333334,66,1292,10.42.0.202,173.194.185.232,QUIC,1
64.100918761,2.9136781255,9.636243733644262,3.566600000226572e-05,45.01383928200002,0.35880920967381763,93.04078810846298,259.30434782608694,54,1462,10.42.0.202,173.194.185.232,TCP,1
5.070448020999976,0.3380298680666651,0.2538780268766733,0.020044903000012937,1.0075301010000146,3.1555396946647996,1037.3836746210527,328.75,54,1514,10.42.0.202,20.42.65.84,TCP,1
79.14931787200001,0.013587865729098715,0.3414420345059103,2.8709999924103613e-06,19.89212909700001,73.60770953733027,66092.887982432,897.9071404050807,63,1292,10.42.0.202,74.125.172.170,QUIC,1
3.9925688579999985,0.28518348985714276,0.23219323212693962,2.125899999327885e-05,0.6957671750000145,3.7569796623404925,1421.6411042296425,378.4,92,1369,10.42.0.202,20.42.65.84,TLSv1.2,1
2.607223693000009,0.04205199504838724,0.06765329618114911,9.27700000374898e-06,0.4436695150000105,24.16363435525123,13526.649092168971,559.7936507936508,66,1292,10.42.0.202,173.194.31.202,QUIC,1
63.42818967500003,1.7142753966216224,7.475866187635204,4.88900002437731e-06,44.55825721300002,0.5991027048810373,167.4649718749047,279.5263157894737,54,1462,10.42.0.202,173.194.31.202,TCP,1
63.27626559000004,1.4061392353333342,6.884891592262643,1.2593000008109811e-05,45.03605864800002,0.7269708408213914,188.69634433494375,259.5652173913044,54,1462,10.42.0.202,74.125.172.170,TCP,1
1.0054617320000148,0.1436373902857164,0.12171298553316846,0.010384869000006347,0.36379432500001485,7.95654349180132,4917.143877933216,618.0,118,1462,10.42.0.202,173.194.31.202,TLSv1.3,1
0.817643449000002,0.1635286898000004,0.04290429105324792,0.09354866799998263,0.21709700000002385,7.338161893595732,4933.690846460864,672.3333333333334,118,1462,10.42.0.202,74.125.172.170,TLSv1.3,1
79.57799570400002,1.0610399427200001,8.859395415853054,9.110999997119507e-06,77.27125197800001,0.9550378760818656,681.205897691077,713.2763157894736,65,1292,10.42.0.202,142.250.188.1,QUIC,1
78.59996033799996,1.1731337363880592,6.506872454078954,2.9079999990244687e-06,44.34865136099998,0.8651403856640968,415.39461164607,480.1470588235294,54,1466,10.42.0.202,142.250.188.1,TCP,1
1.5211317529999917,0.21730453614285597,0.0713585385538784,0.08257754099997783,0.32201233300000354,5.259241998086173,4008.857213041186,762.25,128,1466,10.42.0.202,142.250.188.1,TLSv1.3,1
52.96230974499997,0.013559219084741416,0.17778358246944115,-2.278000010846881e-06,11.050139531000013,73.76944130290408,51112.045774317114,692.8620424878424,65,1292,10.42.0.202,172.217.135.73,QUIC,1
65.04919066899998,3.2524595334499993,10.049114189314567,3.105600001163111e-05,45.00905895,0.32283260996831764,84.04408946175202,260.3333333333333,54,1462,10.42.0.202,172.217.135.73,TCP,1
0.6664408649999984,0.1666102162499996,0.123891638555867,4.926000002569708e-06,0.29849941099999455,7.502541129436911,5930.008508706934,790.4,118,1462,10.42.0.202,172.217.135.73,TLSv1.2,1
115.044494655,1.8261030897619046,8.088949695462137,1.1221999955068895e-05,45.01418781899997,0.5563064985588901,212.20485233309665,381.453125,54,1514,10.42.0.202,3.229.36.203,TCP,1
60.769231435999984,3.3760684131111103,13.583128138274112,6.509300004609031e-05,59.378699697,0.3126582244175678,107.12658110307191,342.63157894736844,78,1514,10.42.0.202,3.229.36.203,TLSv1.3,1
1.0385465960000033,0.027330173578947455,0.05461039799797116,1.431500004400732e-05,0.3167015369999717,37.55247973486196,22736.58215331527,605.4615384615385,64,1292,10.42.0.202,142.250.65.78,QUIC,1
60.69251580100001,8.670359400142859,20.93997928282237,0.005085870000016257,59.96194879900003,0.13181196881392396,7.513282222393665,57.0,54,66,10.42.0.202,23.11.33.159,TCP,1
204.89457299100002,0.8756178332948719,5.681396919031117,2.6669999897421803e-06,62.40011461399996,1.146931305058638,609.4256093619659,531.3531914893617,63,1292,10.42.0.202,64.233.180.94,QUIC,1
87.312985835,1.4313604235245903,7.606764577950547,2.9444999995575927e-05,44.51595112800004,0.7100891053842174,226.59859596817324,319.11290322580646,54,1466,10.42.0.202,64.233.180.94,TCP,1
1.1048422329999994,0.07891730235714281,0.09870582368702772,0.0007431849999761653,0.3539245869999945,13.57659904009119,12215.318709671381,899.7333333333333,128,1466,10.42.0.202,64.233.180.94,TLSv1.3,1
171.42671309900004,0.12157922914822698,1.6802978751931419,2.9820000122526835e-06,40.95381878699999,8.23092255863961,6267.803777929797,761.4946846208363,63,1292,10.42.0.202,142.251.45.174,QUIC,1
136.90231890900003,0.2912815295936171,5.416633408201386,2.5189999632857507e-06,116.654550503,3.4404092184375425,3017.1804487443587,876.9830148619958,65,1292,10.42.0.202,142.250.217.22,QUIC,1
136.889297689,0.10154992410163204,3.366025251243913,3.2030000056693098e-06,123.52588530199995,9.854678362546684,9428.940185904092,956.7983691623425,67,1292,10.42.0.202,142.250.217.22,UDP,1
183.65723709000002,0.007387066088408013,0.6022032672401149,-0.000550926000016716,93.40207351099997,135.37718629522914,156947.98341039335,1159.3384949523388,63,1292,10.42.0.202,173.194.185.231,QUIC,1
66.046344181,2.06394825565625,8.196790059387725,3.759999970043282e-06,45.01648635600003,0.49964915407828636,156.01166314008069,312.24242424242425,54,1462,10.42.0.202,173.194.185.231,TCP,1
0.013279387000011411,0.001897055285715916,0.003314107911061681,1.2351999998827523e-05,0.009677887000009378,602.4374468484973,369896.59236497735,614.0,118,1462,10.42.0.202,173.194.185.231,TLSv1.3,1
148.44926290999996,0.012578314091679373,1.0847718497774388,-8.759000024838315e-06,117.78067941799998,79.5086467162574,79353.60384471445,998.0499872913666,64,1292,10.42.0.202,173.194.48.1,QUIC,1
0.18556731999996146,0.01686975636363286,0.013941583028519042,1.8480999983694346e-05,0.04717782500000567,64.66655874537872,19356.856584450034,299.3333333333333,54,1514,10.42.0.202,52.167.17.97,TCP,1
0.16017338000000336,0.016017338000000336,0.018256384010556063,1.7981999974381324e-05,0.06475583999997525,68.67558142307897,20234.323581108994,294.6363636363636,92,892,10.42.0.202,52.167.17.97,TLSv1.2,1
28.106380478000005,0.8783243899375002,4.860581796325775,3.666999987217423e-06,27.940856655000005,1.1741106267963044,476.68891447929957,406.0,63,1292,10.42.0.202,142.250.72.10,QUIC,1
52.53975342999996,0.005766628628032045,0.2493975317077805,7.220000384222658e-07,17.659029728000007,173.43058170495885,202637.83716047806,1168.4089113257244,66,1292,10.42.0.202,173.194.185.231,UDP,1
64.82330893200003,1.2710452731764712,3.742897309470226,4.944000011164462e-06,15.355542946000014,0.8021805868402715,300.3086439234532,374.36538461538464,54,1514,10.42.0.202,34.1.16.64,TCP,1
11.248887220000029,0.5113130554545467,1.4704152420282723,4.129999979340937e-06,6.156951294999999,2.044646688172587,856.706962344314,419.0,78,1474,10.42.0.202,34.1.16.64,TLSv1.3,1
0.09082948399998259,0.0034934416923070224,0.007402229678430635,7.240999991608987e-06,0.0346804010000028,297.2603037137718,192569.6286021327,647.8148148148148,63,1292,10.42.0.202,172.253.122.94,QUIC,1
60.337247789,4.022483185933334,11.56544095640341,2.6722999962203176e-05,44.94796653399999,0.2651761654086738,85.13812260652232,321.0625,54,1466,10.42.0.202,172.253.122.94,TCP,1
0.030339458000014474,0.0075848645000036186,0.006440127750203328,0.00010011099999474027,0.014820923999991464,164.80188934151738,141136.3380320755,856.4,128,1466,10.42.0.202,172.253.122.94,TLSv1.3,1
61.330646634999994,1.9165827073437498,7.246156392375899,2.392599998302103e-05,30.009127404000026,0.5380670482148098,102.90124670556558,191.24242424242425,54,1514,10.42.0.202,23.20.72.109,TCP,1
60.603165132000015,3.564892066588236,14.200057271589571,4.185000022971508e-06,60.36498761800004,0.29701418994856327,104.61499801521619,352.22222222222223,78,1514,10.42.0.202,23.20.72.109,TLSv1.3,1
60.549446234000015,3.784340389625001,9.913513520535128,3.372300000137329e-05,30.015436939999972,0.2807622704640704,63.41924226953119,225.88235294117646,54,1514,10.42.0.202,172.64.144.78,TCP,1
0.07666989400001967,0.005476421000001405,0.00895436284283611,4.444000012426841e-06,0.03403736400002799,195.64393815382283,126033.82495869267,644.2,85,1514,10.42.0.202,172.64.144.78,TLSv1.3,1
0.03444221600000219,0.001640105523809628,0.0015345770708683514,7.222000022011343e-06,0.006994721000012305,638.751002548692,409962.00709034235,641.8181818181819,67,1292,10.42.0.202,142.250.217.10,QUIC,1
0.27130024799998864,0.012919059428570887,0.032213699893125294,0.00010088900000937429,0.15005430699994804,81.0909689990439,48916.284072105074,603.2272727272727,63,1292,10.42.0.202,173.194.31.7,QUIC,1
0.2716176560000463,0.005658701166667631,0.01390106498277601,1.455599999644619e-05,0.06494080300001315,180.40064376371635,112720.94918599394,624.8367346938776,63,1292,10.42.0.202,74.125.0.198,QUIC,1
62.20328781500001,2.8274221734090914,9.683183810611645,1.2167000022600405e-05,45.014175448,0.36975537480277154,88.46799250172398,239.2608695652174,54,1462,10.42.0.202,74.125.0.198,TCP,1
0.044624102999989645,0.014874700999996548,0.015457712034201765,0.0025470549999795367,0.03667288200000485,89.63765613397155,56449.31395036858,629.75,118,1462,10.42.0.202,74.125.0.198,TLSv1.3,1
46.36548389699999,2.8978427435624994,11.135649906984892,4.416600000922699e-05,46.02545471600001,0.36665205603731355,92.63356356942717,252.64705882352942,54,1514,10.42.0.202,52.1.184.81,TCP,1
0.29669280100000606,0.029669280100000604,0.06568606230148402,0.00017600000001039007,0.2238174980000167,37.0753855938681,22096.92981394539,596.0,85,1514,10.42.0.202,52.1.184.81,TLSv1.3,1
4.014139224999951,0.024932541770186032,0.04686967495974255,3.916700001127538e-05,0.29545754000002944,40.35734460605361,7815.374166550086,193.65432098765433,54,1514,10.42.0.202,54.145.1.245,TCP,1
3.738030938999998,0.02443157476470587,0.04815692087437778,1.0573999986718263e-05,0.32171064699997487,41.19816088017673,22637.586842081524,549.4805194805194,78,1514,10.42.0.202,54.145.1.245,TLSv1.3,1
1.8428366600000459,0.08775412666666885,0.2864020917676391,7.383299998764414e-05,1.3638256689999935,11.938117185057221,2255.218864595355,188.9090909090909,54,1514,10.42.0.202,174.129.173.107,TCP,1
2.7168861549999974,0.00911706763422818,0.05770019846877463,1.0000000031595846e-05,0.9511546479999993,110.05245819731459,79723.25215076971,724.4113712374582,63,1494,10.42.0.202,23.33.40.147,QUIC,1
1.78518272499997,0.08500870119047477,0.2995911783728473,0.00021077799999602576,1.4211343810000017,12.323668435678128,6543.867939345087,531.0,78,1514,10.42.0.202,174.129.173.107,TLSv1.3,1
22.24761248300001,1.8539677069166676,4.036014933133261,0.00079462999997304,11.571345570999995,0.5843323642001426,94.84163757402314,162.30769230769232,54,1438,10.42.0.202,23.33.40.147,TCP,1
10.30835334699998,2.0616706693999958,4.0601839824036565,0.00012390699998832133,10.181812035999997,0.5820522248343543,170.2502757640486,292.5,78,775,10.42.0.202,23.33.40.147,TLSv1.3,1
0.49433169200000293,0.02746287177777794,0.0357889602694455,7.722000020748965e-06,0.10260516699997879,38.435731124436764,22717.5400277592,591.0526315789474,54,1514,10.42.0.202,20.190.190.194,TCP,1
0.35853667799995037,0.029878056499995864,0.039787798700365175,0.00013601799997786657,0.09900857500002758,36.25849403335466,18737.27407046743,516.7692307692307,85,1514,10.42.0.202,20.190.190.194,TLSv1.3,1
0.2329651079999735,0.015531007199998233,0.019540064019616294,0.0004474259999938113,0.050908880000008594,68.67981277265702,53690.44363502462,781.75,54,1514,10.42.0.202,20.190.151.134,TCP,1
0.18442815299999893,0.03688563059999979,0.027905950738231565,0.003545591999966291,0.07464674599998489,32.53299402721902,19395.086605893735,596.1666666666666,105,1254,10.42.0.202,20.190.151.134,TLSv1.2,1
28.730092758000012,0.0204193978379531,0.185811283553484,1.425900001095215e-05,5.694798356999968,49.007847341806325,36678.440577139176,748.4197443181819,63,1292,10.42.0.202,173.194.48.1,UDP,1
5.605484872000034,1.1210969744000068,0.47615755243709146,0.49859315399999105,1.9460980299999733,1.0703801967195754,768.5329812446552,718.0,718,718,fe80::13d8:2741:3498:3dbc,ff02::c,UDP/XML,1
5.603754502000015,0.9339590836666692,0.5998526394588665,0.18832444800000303,2.071674286000018,1.2491625030150153,871.9154271044807,698.0,698,698,10.42.0.202,239.255.255.250,UDP/XML,1
464.826962684,77.47116044733333,172.94719629182768,0.007517812000003232,464.192732355,0.015059367381747086,16.91382090789937,1123.142857142857,110,1292,10.42.0.202,142.251.211.74,UDP,0
486.81715359199995,0.8803203500759493,7.258467485540137,7.889000016803038e-06,111.18161417600001,1.1380042710333618,153.552518534812,134.93140794223828,71,495,10.42.0.1,10.42.0.202,DNS,0
180.332758681,18.0332758681,51.65998606589795,0.000589202000000455,172.875453407,0.06099834594921532,3.4269979815104605,56.18181818181818,54,66,10.42.0.202,162.159.135.232,TCP,0
180.31178093,12.020785395333332,43.029655369832575,3.0369999990398355e-06,172.880526021,0.08873518922322365,60.750328921949496,684.625,85,1514,10.42.0.202,162.159.135.232,TLSv1.2,0
39.307204247,0.08563661055991285,0.46676285850797206,3.1479999975658757e-06,5.033060900999999,11.702689336779988,9296.59096850903,794.3978260869566,65,1292,10.42.0.202,162.159.138.232,QUIC,0
445.061797417,15.895064193464284,21.33502870076462,0.0012297370000009522,45.14204619700001,0.06515949058828902,10.234533780332981,157.06896551724137,54,1514,10.42.0.202,162.159.138.232,TCP,0
400.022707002,80.0045414004,159.99804405604752,0.00011850000000102057,400.000629441,0.0149991485357605,8.207034107150287,547.1666666666666,93,1514,10.42.0.202,162.159.138.232,TLSv1.3,0
495.726953654,0.8758426743003533,2.0910171543984433,1.4070000009525074e-06,17.545113818000004,1.143774805506634,913.6844318457914,798.8324514991182,54,1514,10.42.0.202,162.159.134.234,TCP,0
495.65342632,1.8089541106569342,2.7370935598011576,1.7702999999258395e-05,17.537069712999994,0.5548231594841364,238.2491348375352,429.4145454545455,76,1514,10.42.0.202,162.159.134.234,TLSv1.3,0
484.46497625700005,14.680756856272728,15.298569798792565,0.0011802550000084011,33.02258397200001,0.07018051183531501,2.9475814970832306,42.0,42,42,AzureWaveTec_cc:4c:43,RaspberryPi_53:8b:dc,ARP,0
9.723701784,0.3472750637142857,1.7908225161095448,7.388000000219108e-06,9.652648522,2.9824032702975787,1834.8979016775656,615.2413793103449,66,1292,10.42.0.202,162.159.136.232,QUIC,0
445.057998843,15.894928530107142,21.332844383641984,0.0008283860000020127,45.02119378500004,0.06516004672512386,10.234621132170316,157.06896551724137,54,1514,10.42.0.202,162.159.136.232,TCP,0
400.021263963,80.0042527926,159.99794129050977,8.161000000228569e-05,400.000135306,0.014999202643774882,8.384554277870159,559.0,93,1514,10.42.0.202,162.159.136.232,TLSv1.3,0
403.128866834,0.2577550299450128,3.284413604024509,1.3509999980954035e-06,43.983632983999996,3.882133304644825,4779.245939719209,1231.0875399361023,54,1514,10.42.0.202,162.159.134.233,TCP,0
403.036220141,1.6450457964938776,25.432688478437143,1.5560000008463248e-06,398.91080672699997,0.6103669787145638,750.5280788267008,1229.6341463414635,85,1514,10.42.0.202,162.159.134.233,TLSv1.3,0
492.759806244,14.078851606971428,14.40574499684889,0.07890438599999783,29.32481959300003,0.07305790680129838,6.5752116121168545,90.0,90,90,10.42.0.202,185.125.190.56,NTP,0
60.045117253,8.577873893285714,20.976134256823364,0.0014139400000061642,59.958687465,0.13323314810581538,7.594289442031477,57.0,54,66,10.42.0.202,23.11.33.159,TCP,0
481.730189785,7.298942269469697,6.743636001449227,1.8202999999772373e-05,14.403059243999962,0.13908200362095352,14.44376986857604,103.85074626865672,54,1514,10.42.0.202,162.159.137.234,TCP,0
481.656826786,5.5362853653563215,6.685719938436756,8.463000000347165e-06,14.233035741000037,0.18270269433780573,34.45606721852527,188.5909090909091,55,1514,10.42.0.202,162.159.137.234,TLSv1.3,0
480.682771574,0.05469762990145654,0.38056338387816196,8.463000028768874e-06,5.32274602199999,18.284408178850143,1612.695619320029,88.20059164865172,50,116,10.42.0.202,104.29.156.75,UDP,0
481.48317808800005,0.8202439149710392,0.30027136680146627,0.0018863830000057646,1.0043801869999953,1.2212264659691434,116.02482193010243,95.00680272108843,70,102,10.42.0.202,104.29.156.75,RTCP,0
400.448503221,12.134803127909091,19.799826757572177,3.542499996456172e-05,45.02666887700002,0.08490479980951768,12.04649277297392,141.88235294117646,54,1514,10.42.0.202,162.159.138.234,TCP,0
400.038810653,36.367164604818186,114.99079123373104,2.5444000002039502e-05,399.999974532,0.029997089483422622,12.981240473951141,432.75,85,1514,10.42.0.202,162.159.138.234,TLSv1.3,0
0.029407206000001906,0.009802402000000635,0.013744427592602509,4.574000001866807e-06,0.029239742999997986,136.02108272372902,6801.054136186452,50.0,50,50,10.42.0.202,104.29.137.168,UDP,0
0.04442484399999813,0.01480828133333271,0.02076650130014023,5.3925999999648866e-05,0.04417643699999729,90.03970841181048,4501.985420590524,50.0,50,50,10.42.0.202,104.29.129.238,UDP,0
362.532620883,51.790374411857144,81.33232412720281,0.029776316000010183,239.96541555800002,0.022066979739684824,4.046532409764705,183.375,153,225,10.42.0.202,172.183.7.192,TLSv1.2,0
362.511875236,51.787410748,60.63471567647392,0.0010785529999992605,184.067759261,0.022068242577686303,1.5916719959156247,72.125,54,174,10.42.0.202,172.183.7.192,TCP,0
0.016532338000004643,0.0033064676000009287,0.004867610697434596,6.888900000490139e-05,0.012712312000005,362.9250744811965,19597.95402198461,54.0,54,54,10.42.0.202,52.96.88.2,TCP,0
300.060887858,10.34692716751724,54.72590669385784,5.778000002010231e-06,299.929204746,0.09997970816575441,23.128639155677853,231.33333333333334,54,1514,10.42.0.202,23.210.73.149,TCP,0
300.046292667,11.112825654333333,56.64413276921945,4.38899996879627e-06,299.94236317300005,0.09331893339230558,33.60148165932946,360.07142857142856,78,1514,10.42.0.202,23.210.73.149,TLSv1.3,0
1.0673181660000068,0.06670738537500043,0.07969134055819146,1.7230000253221078e-06,0.2559721579999916,15.9277716256915,7703.41990037856,483.6470588235294,54,1514,10.42.0.202,40.126.62.130,TCP,0
0.6520150160000071,0.05433458466666726,0.08342957345738575,1.5074000003778565e-05,0.28180059700000015,19.93819111675161,8125.579733580771,407.53846153846155,85,1514,10.42.0.202,40.126.62.130,TLSv1.3,0
76.46957074300002,1.0620773714305558,6.6874016234628995,1.962999988336378e-06,54.78587605500002,0.9546280865802085,403.95152869126906,423.1506849315069,54,1466,10.42.0.202,142.251.40.238,TCP,0
59.653525613,1.9884508537666667,9.852666395789077,6.352000013976067e-06,54.867194971,0.5196675247848942,290.62825410308744,559.258064516129,85,1466,10.42.0.202,142.251.40.238,TLSv1.3,0
0.2117414250000138,0.0035888377118646407,0.0068609107358993384,4.852000017763203e-06,0.03507978100003584,283.3644857164633,154835.07773690418,546.4166666666666,66,1292,10.42.0.202,142.251.210.46,QUIC,0
180.52559392900002,2.4395350530945947,11.261741847334847,2.37099999367274e-06,75.06259148800001,0.41545355629461156,187.8293224911692,452.1066666666667,54,1466,10.42.0.202,142.251.210.46,TCP,0
149.795728735,0.6064604402226721,8.024418036072161,4.4070000058127334e-06,125.53251344400002,1.6555879269343572,822.6936845309776,496.9193548387097,63,1292,10.42.0.202,142.251.40.234,QUIC,0
89.909038125,3.4580399278846152,17.220544476130762,1.1629999960405257e-05,89.56065992700002,0.3003035130068021,182.2619876904617,606.925925925926,85,1466,10.42.0.202,142.251.210.46,TLSv1.3,0
23.271091196999976,0.4562959058235289,2.8489318471622647,5.8520000152384455e-06,20.454208302999973,2.2345320878938266,974.7716515727608,436.2307692307692,54,1466,10.42.0.202,142.251.40.234,TCP,0
2.7169965589999947,0.15982332699999968,0.6079979422485765,3.738899999916612e-05,2.5915970550000225,6.6249623836936316,4643.730577503475,700.9444444444445,141,1466,10.42.0.202,142.251.40.234,TLSv1.3,0
190.967469036,0.6820266751285715,5.744301572398557,2.795999989757547e-06,59.0415433,1.471454805462325,798.4815464630504,542.6476868327402,63,1292,10.42.0.202,142.251.179.84,QUIC,0
195.494664074,1.9355907334059408,9.766041244812229,3.0369999990398355e-06,73.871356569,0.521753371035182,187.82098311440993,359.98039215686276,54,1466,10.42.0.202,142.251.179.84,TCP,0
202.038065683,0.2630703980247396,1.7409146654077805,2.591999987089366e-06,18.665433537000013,3.80621343507896,2502.959025520656,657.5981794538361,63,1292,10.42.0.202,142.251.157.119,QUIC,0
0.15016485500001409,0.005363030535714789,0.007935861020548461,1.5630000007149647e-05,0.03559470600004033,193.12108682152876,76569.18125082544,396.48275862068965,54,1466,10.42.0.202,142.251.157.119,TCP,0
150.389248102,1.263775194134454,11.750949700357648,3.462999984549242e-06,126.91680243899998,0.7979293833466817,901.6469043586947,1129.9833333333333,79,1466,10.42.0.202,142.251.179.84,TLSv1.3,0
0.10774152099997991,0.006337736529410583,0.009759410273151888,4.258999979356304e-06,0.037514569999984815,167.0665109693723,107572.2701186125,643.8888888888889,85,1466,10.42.0.202,142.251.157.119,TLSv1.3,0
149.92379405099996,0.6940916391249998,6.470942196064065,3.741000000445638e-06,73.43734111399999,1.4474020042888092,959.0138837541047,662.5760368663595,65,1292,10.42.0.202,142.250.72.14,QUIC,0
194.837963468,2.050925931242105,9.934247509340663,2.091999988351745e-06,73.49887508400002,0.492717118836889,227.59424914273967,461.9166666666667,54,1466,10.42.0.202,142.250.72.14,TCP,0
149.76118133199998,3.7440295332999995,16.626351898742616,1.8221999994239013e-05,89.97752059199996,0.2737692079839343,152.47609425154,556.9512195121952,85,1466,10.42.0.202,142.250.72.14,TLSv1.3,0
0.5494129079999652,0.009989325599999368,0.04355390881000292,-2.1299999843904516e-06,0.32520502099998794,101.92698275666203,55481.040864081646,544.3214285714286,63,1292,10.42.0.202,142.250.190.234,QUIC,0
0.1574199429999794,0.0006874233318776394,0.002789205090217908,-7.219999815788469e-07,0.036647684000001846,1461.060114854889,1293698.8549159025,885.4521739130435,66,1292,10.42.0.202,172.67.209.251,QUIC,0
2.1225441590000287,0.07580514853571531,0.29189668755447873,3.663000001097316e-05,1.5539767920000145,13.662848839697384,6082.323397258387,445.17241379310343,54,1466,10.42.0.202,142.250.190.234,TCP,0
0.47354588100000683,0.05261620900000076,0.1303043100972099,9.290700000974539e-05,0.4209089689999814,21.11727796867872,14097.894771889914,667.6,144,1466,10.42.0.202,142.250.190.234,TLSv1.3,0
165.544334085,4.729838116714286,13.144467148720349,1.7780000121092598e-06,45.01408203700004,0.21746440431791236,72.2887924020127,332.4166666666667,54,1514,10.42.0.202,157.90.91.72,TCP,0
120.21527641399996,4.623664477461537,22.71901864908168,1.6814999980852008e-05,118.21163398600004,0.22459707955099498,114.44468964676255,509.55555555555554,78,1514,10.42.0.202,157.90.91.72,TLSv1.3,0
1.8713777440000285,0.03530901403773639,0.17336778252882684,2.480999967247044e-06,1.2557831320000332,28.855745545298724,9385.598421437533,325.25925925925924,54,1514,10.42.0.202,54.164.6.242,TCP,0
199.05233007600003,3.686154260666667,11.502846324663201,4.3592999986685754e-05,46.14552980399998,0.27630924982892935,58.27613269119237,210.9090909090909,54,1514,10.42.0.202,104.18.35.15,TCP,0
1.8374591810000425,0.040832426244445386,0.19832339485318157,1.0130000021035812e-05,1.3192848439999807,25.034569733932464,11392.90614804657,455.0869565217391,78,1514,10.42.0.202,54.164.6.242,TLSv1.3,0
108.88909149799997,2.0545111603396222,8.604758255122404,2.2589999844058184e-06,47.961153198000034,0.4959174445953739,366.3085020847348,738.6481481481482,85,1514,10.42.0.202,104.18.35.15,TLSv1.3,0
198.944157017,3.9788831403400002,11.904609488972675,6.514800003287746e-05,46.23406791899998,0.2563533443992627,50.340759689384626,196.37254901960785,54,1514,10.42.0.202,172.64.149.196,TCP,0
108.83529234100001,2.591316484309524,9.590816401445492,2.870000002985762e-06,47.944618305000006,0.39509242889037754,183.94768433454323,465.5813953488372,85,1514,10.42.0.202,172.64.149.196,TLSv1.3,0
22.467289289999997,0.48841933239130425,2.664410094561198,1.2462999961826426e-05,18.123425262000012,2.0919301564750543,564.8211422482647,270.0,54,1494,10.42.0.202,3.168.73.51,TCP,0
4.269835132000026,0.1334323478750008,0.7324090590720721,4.074000003129186e-06,4.211290183000017,7.7286356451291205,3394.2762546926165,439.1818181818182,85,1494,10.42.0.202,3.168.73.51,TLSv1.3,0
75.57425011499998,1.5423316349999996,5.93412940902122,0.00010013000002118133,28.635232024000004,0.6616010072731902,191.40117140413392,289.3,54,1514,10.42.0.202,18.233.217.48,TCP,0
75.55394294499996,2.09872063736111,9.262540578822453,7.445000051120587e-06,53.132477782999956,0.4897163345523134,204.34406727440992,417.27027027027026,78,1514,10.42.0.202,18.233.217.48,TLSv1.3,0
75.501081118,0.6453083856239317,3.8956153979406105,1.8149999618799484e-06,28.276606104999985,1.5628915275475168,1129.7454120781401,722.8559322033898,54,1514,10.42.0.202,52.44.83.3,TCP,0
75.47997261699999,1.424150426735849,7.678051898262711,4.352000019025581e-06,53.13155706600003,0.7154215632006978,336.1951405144613,469.9259259259259,78,1514,10.42.0.202,52.44.83.3,TLSv1.3,0
61.910937690000026,1.2634885242857148,4.694324864615631,2.7258999978130305e-05,24.68761280000001,0.8076117381771799,162.89528759033718,201.7,54,1514,10.42.0.202,44.215.210.65,TCP,0
61.88143502099996,1.628458816342104,6.879637265382851,5.259000033674965e-06,39.631853165999985,0.6302374853906513,264.39270508913967,419.5128205128205,85,1514,10.42.0.202,44.215.210.65,TLSv1.2,0
0.2891525400000319,0.00044280633996942096,0.001711281018866815,2.9630000426550396e-06,0.014225345999989258,2261.781964633366,2241059.33843752,990.8379204892966,65,1292,10.42.0.202,104.18.35.227,QUIC,0
0.9088845289999767,0.08262586627272515,0.225996720338945,5.640699998821219e-05,0.7951162109999927,13.202997319366085,3886.0822110000845,294.3333333333333,54,1514,10.42.0.202,104.18.35.227,TCP,0
0.020862657999998646,0.0052156644999996615,0.003602519285762217,0.0001056109999808541,0.009337044999995214,239.66265468188783,154630.344800754,645.2,118,1514,10.42.0.202,104.18.35.227,TLSv1.3,0
20.012359769,0.41692416185416664,2.8445061431626266,3.4810000215657055e-06,19.917866317999994,2.448486863398443,1482.883595065555,605.6326530612245,65,1292,10.42.0.202,172.64.152.29,QUIC,0
0.7422503540000207,0.06747730490909279,0.17342970948987463,0.0001831480000191732,0.6128704170000105,16.16705190550797,4758.502277521179,294.3333333333333,54,1514,10.42.0.202,172.64.152.29,TCP,0
0.020269622999990133,0.005067405749997533,0.003733028357527623,9.77960000341227e-05,0.009627636999994138,246.6745434783091,158315.72200437877,641.8,118,1514,10.42.0.202,172.64.152.29,TLSv1.3,0
14.910047888999998,0.4260013682571428,2.3189389124727957,2.591999987089366e-06,13.929808690000016,2.4144791665330114,1429.0363222588576,591.8611111111111,65,1292,10.42.0.202,162.159.135.232,QUIC,0
180.80970617600002,3.6161941235200006,12.243917549978486,4.9999999873762135e-06,45.552937757999985,0.2820645034971554,101.44366908127107,359.6470588235294,54,1466,10.42.0.202,142.251.111.188,TCP,0
0.1372248379999519,0.009148322533330125,0.01821482941825508,1.7833000015343714e-05,0.07160446599999659,116.59696767144742,54348.76155585343,466.125,88,1466,10.42.0.202,142.251.111.188,TLSv1.3,0
193.291484018,1.0562376175846995,9.05106632056525,3.870999989885604e-06,113.517805968,0.951930194621845,524.9532875982826,551.4619565217391,65,1292,10.42.0.202,142.251.45.206,QUIC,0
69.07984063499998,1.1513306772499996,5.0173710720217,1.9259999817222706e-06,24.258650993999993,0.8830362004207309,458.06417196579,518.7377049180328,54,1466,10.42.0.202,142.251.45.206,TCP,0
0.08378133600001547,0.005585422400001031,0.006108986285540011,8.020400002806127e-05,0.021427008999978625,190.97332131343722,158030.4233868693,827.5,128,1466,10.42.0.202,142.251.45.206,TLSv1.3,0
93.181302496,0.09064329036575876,1.3812441371818758,3.1299999818656943e-06,39.91939776700002,11.042987943253658,8145.282150703797,737.5976676384839,63,1292,10.42.0.202,142.250.217.14,QUIC,0
73.72803555500002,2.234182895606061,8.411946401456904,3.3700000017233833e-06,44.953633663999994,0.4611542914992833,217.24436138070647,471.0882352941176,54,1466,10.42.0.202,142.250.217.14,TCP,0
20.95867394200002,2.328741549111113,6.5676302548597745,0.00014740699998583295,20.904800147000003,0.4771294227713785,372.2086627039523,780.1,128,1466,10.42.0.202,142.250.217.14,TLSv1.3,0
131.297520862,0.10978053583779264,3.051897799116226,3.1110000122680503e-06,105.22020482099998,9.11669917406974,9061.496303882894,993.9448621553885,65,1292,10.42.0.202,142.251.211.118,QUIC,0
20.390744875999985,1.3593829917333324,5.054583676048272,1.5426000004481466e-05,20.271801694999965,0.784669716447293,320.53757916871916,408.5,54,1466,10.42.0.202,142.251.211.118,TCP,0
0.023333077000017965,0.005833269250004491,0.00524885645045588,0.00014624000004914706,0.013836327999968034,214.2880683930435,138858.6683186922,648.0,128,1466,10.42.0.202,142.251.211.118,TLSv1.3,0
148.812367355,3.23505146423913,21.675941112456297,6.111999994118378e-06,148.64167604,0.315833964847014,200.36641127326416,634.4042553191489,66,1292,10.42.0.202,142.251.41.170,QUIC,0
73.419112241,1.9843003308378377,6.720708919406339,0.0001487220000058187,28.160770869999965,0.5175764026574455,128.20912311090882,247.71052631578948,54,1514,10.42.0.202,34.226.166.250,TCP,0
73.398050259,2.29368907059375,9.773792919289514,5.407000003287976e-06,53.13165612099999,0.44960322356728505,170.9854683566493,380.3030303030303,68,1514,10.42.0.202,34.226.166.250,TLSv1.3,0
2.8524425520000136,0.04527686590476212,0.33873026331967787,3.462999984549242e-06,2.712187797000013,22.43691111504625,12806.918749121165,570.796875,65,1292,10.42.0.202,142.250.217.10,QUIC,0
20.10446258999997,1.54649712230769,5.327111156375129,1.948099998116959e-05,20.000098270000024,0.6963628068806798,319.73000875921497,459.14285714285717,54,1466,10.42.0.202,142.250.217.10,TCP,0
0.03329460200001222,0.008323650500003055,0.005342542155015086,9.19629999884819e-05,0.014315103999990697,150.17449375121424,98334.25850829508,654.8,144,1466,10.42.0.202,142.250.217.10,TLSv1.3,0
0.05204472899998791,0.0027391962631572583,0.005284480010711979,5.42599997288562e-06,0.023866629999986344,384.2848331481301,260103.18931631182,676.85,66,1292,10.42.0.202,142.250.188.3,QUIC,0
0.1241038420000109,0.004136794733333697,0.007701242708599912,1.2889000004179252e-05,0.037861179999993055,249.79081630685758,136957.88725056962,548.2903225806451,66,1292,10.42.0.202,172.253.62.102,QUIC,0
19.559085444999994,1.3039390296666662,4.84955782099885,1.9259999817222706e-06,19.449238753999964,0.8180341583450762,406.3584681579166,496.75,54,1466,10.42.0.202,172.253.62.102,TCP,0
0.031124718999990364,0.007781179749997591,0.006430968932692151,0.00012201799995636975,0.014207456000008278,160.64402059345653,123985.05509402975,771.8,128,1466,10.42.0.202,172.253.62.102,TLSv1.3,0
0.5861893139999665,0.007515247615384186,0.0343741841303171,2.9070000095998694e-06,0.2916526429999635,134.76874810448098,72039.86662916616,534.5443037974684,65,1292,10.42.0.202,142.251.211.107,QUIC,0
66.86611425499996,2.1569714275806438,8.710055137081582,3.203999995093909e-06,44.950697612,0.47856826071820346,153.6503222068382,321.0625,54,1466,10.42.0.202,142.251.211.107,TCP,0
0.025929883999992853,0.0028810982222214282,0.004288842017413399,2.4147999965862255e-05,0.01364319900000055,385.6554082541502,320826.7341266275,831.9,128,1466,10.42.0.202,142.251.211.107,TLSv1.3,0
8.925661325000021,0.09297563880208355,0.8204241071159858,3.2959999884951685e-06,8.06861817500004,10.867542075376669,7253.468134474601,667.4432989690722,63,1292,10.42.0.202,142.250.68.193,QUIC,0
17.38281748899999,1.0225186758235287,4.066375203139247,1.8889999751081632e-06,17.28795210100003,1.03550532077959,625.9054383378855,604.4444444444445,54,1466,10.42.0.202,142.250.68.193,TCP,0
0.024239370000032068,0.006059842500008017,0.00511088089329852,0.00013364700004103724,0.013692439999999806,206.27598819578995,161679.11954786017,783.8,128,1466,10.42.0.202,142.250.68.193,TLSv1.3,0
73.258575716,1.2209762619333333,9.350354695739378,4.7409999979208806e-06,73.042391178,0.8326670209434243,410.24548602350285,492.6885245901639,63,1292,10.42.0.202,142.251.211.78,QUIC,0
17.084977716000026,1.1389985144000017,4.236262974500917,2.4629999870739994e-06,16.989574051999966,0.9364952220579166,465.20400155727003,496.75,54,1466,10.42.0.202,142.251.211.78,TCP,0
0.02310505899998816,0.00577626474999704,0.005026143381552378,0.00010974099996019504,0.013305236999997305,216.40282329521696,168577.799346974,779.0,128,1466,10.42.0.202,142.251.211.78,TLSv1.3,0
0.10126681899998857,0.003164588093749643,0.007510978918145473,6.9629999757125915e-06,0.032821844000011424,325.8717941955274,203284.75016088263,623.8181818181819,65,1292,10.42.0.202,142.250.190.238,QUIC,0
18.097777046999965,0.2513580145416662,2.022340098107527,4.389000025639689e-06,17.284947167999974,4.033644563662092,2499.4229889409735,619.6438356164383,63,1292,10.42.0.202,142.250.217.131,QUIC,0
70.000189836,2.4137996495172414,8.685060955548614,2.5930000333573844e-06,45.01775398299998,0.42857026631335604,145.04246379598345,338.43333333333334,54,1466,10.42.0.202,142.250.217.131,TCP,0
18.033244884999988,2.0036938761111096,5.647171276882166,6.52399999694353e-05,17.97630066800002,0.5545313704644458,468.5790080424567,845.0,128,1466,10.42.0.202,142.250.217.131,TLSv1.3,0
66.76208426,3.5137939084210523,10.905779537179317,2.101799998399656e-05,45.00557221700001,0.29957123450657236,101.3299700718481,338.25,54,1466,10.42.0.202,216.239.32.223,TCP,0
0.05352820600000996,0.0035685470666673305,0.006619666087522471,1.3592999948741635e-05,0.024703480000027866,298.907831882074,158066.19784713924,528.8125,85,1466,10.42.0.202,216.239.32.223,TLSv1.3,0
13.121440402000019,0.5704974087826095,2.6358650315898737,3.833000050690316e-06,12.933407114999966,1.829067485330485,853.869671068448,466.8333333333333,54,1466,10.42.0.202,142.250.68.206,TCP,0
0.1474373249999985,0.010531237499999893,0.02831768607531277,1.3167000020075648e-05,0.1114825660000065,101.73814534413285,49410.82592213385,485.6666666666667,85,1466,10.42.0.202,142.250.68.206,TLSv1.3,0
0.5790744280000126,0.02227209338461587,0.08850203621853515,8.129999969241908e-06,0.4624224350000077,46.626130760516695,23140.37600707125,496.2962962962963,63,1292,10.42.0.202,74.125.0.166,QUIC,0
10.285987076000026,0.8571655896666689,2.8282071995770073,0.0001212589999681768,10.237259084000016,1.2638553698295514,481.23723697355996,380.7692307692308,54,1462,10.42.0.202,74.125.0.166,TCP,0
0.010020690999965609,0.0033402303333218697,0.0031259693940917477,0.00016446199998654265,0.007591457999978957,399.1740689353387,245092.87832629794,614.0,118,1462,10.42.0.202,74.125.0.166,TLSv1.3,0
104.628462104,0.0022790899647991635,0.17037899019795127,-8.520299996916947e-05,23.133982815999957,438.78117939234124,512914.9556519033,1168.9538652551787,64,1292,10.42.0.202,74.125.174.197,QUIC,0
52.80225664799997,2.6401128323999985,9.86250422705338,2.3850999980368215e-05,45.00386925599997,0.39771027477090665,104.97657395500646,263.95238095238096,54,1514,10.42.0.202,199.232.37.91,TCP,0
52.78007479500002,4.3983395662500016,14.575571231459374,3.777000017635146e-06,52.74003816200002,0.2463050696781415,105.45646290988736,428.15384615384613,78,1510,10.42.0.202,199.232.37.91,TLSv1.3,0
125.05393519400002,2.977474647476191,19.033685297958186,6.073999998079671e-06,124.85250819800001,0.3438516343631472,196.17935222863,570.5348837209302,64,1292,10.42.0.202,142.250.217.1,QUIC,0
0.05791889799996852,0.0032177165555538068,0.005574371970459404,4.500000045482011e-06,0.02407256200001484,328.0449154956354,232376.6588239872,708.3684210526316,66,1292,10.42.0.202,142.251.45.163,QUIC,0
52.517288205,3.2823305128125,10.910192190595843,2.3700000042481406e-06,44.96099358499998,0.3237029287125584,125.73002578170725,388.4117647058824,54,1466,10.42.0.202,142.251.211.104,TCP,0
0.025230962000023283,0.006307740500005821,0.0048114552965412,0.00016172099998357226,0.013441180000029362,198.16921764597743,135468.47718279017,683.6,128,1466,10.42.0.202,142.251.211.104,TLSv1.3,0
0.04485560500000929,0.0019502436956525778,0.0020645937847559638,1.0443999997278297e-05,0.006499629000018103,535.0501904944773,339667.695932244,634.8333333333334,67,1292,10.42.0.202,142.250.188.10,QUIC,0
182.084857236,0.9337684986461539,3.0706667147447133,3.0369999990398355e-06,15.820740706000038,1.0764211971013307,389.1976580356122,361.56632653061223,63,1292,10.42.0.202,142.251.211.74,QUIC,0
168.90612695200002,2.91217460262069,10.024032768544288,1.5740000094410789e-06,54.24605226800003,0.34930645243417785,145.13979121057406,415.50847457627117,54,1466,10.42.0.202,142.251.211.74,TCP,0
168.81606942800005,5.627202314266668,20.431478549121582,2.870000002985762e-06,106.493235911,0.18363180771260335,80.06346816269506,436.0,85,1466,10.42.0.202,142.251.211.74,TLSv1.3,0
7.792569562999972,0.03728502183253575,0.36795662124082007,2.555999969899858e-06,4.435963153999978,26.94874884365543,19566.716571125533,726.0714285714286,63,1292,10.42.0.202,142.251.40.238,QUIC,0
110.35138622900001,5.807967696263159,22.673628525558538,2.9297000025962916e-05,101.828835212,0.18123922755710756,100.84150621277465,556.4,54,1486,10.42.0.202,34.104.35.123,TCP,0
8.460415538000007,0.9400461708888896,1.8520284660185038,0.009211299000014606,5.991213842000036,1.181975040715783,506.8308974589277,428.8,140,932,10.42.0.202,34.104.35.123,HTTP,0
122.98328967999998,0.6274657636734693,5.0701647024963235,3.926000033516175e-06,59.04116963600001,1.6018436367460165,848.5136498749089,529.7106598984772,63,1292,10.42.0.202,64.233.180.94,QUIC,0
6.0680637750000415,0.2247431027777793,0.9173494496647533,1.855499999692256e-05,4.7977472329999955,4.614321971261716,1653.245643417769,358.2857142857143,54,1466,10.42.0.202,64.233.180.94,TCP,0
1.1637767029999964,0.12930852255555514,0.3409189856327224,0.00010709200000746932,1.093423567000002,8.592713683150635,7359.659269618518,856.5,128,1466,10.42.0.202,64.233.180.94,TLSv1.3,0
60.35412215400004,2.011804071800001,7.471335648496597,1.3573999979143991e-05,29.98061551799998,0.5136351734335588,101.13642253672396,196.90322580645162,54,1514,10.42.0.202,32.192.123.231,TCP,0
60.23901109499997,3.5434712408823508,14.114608716647707,6.536999990203185e-06,60.00180661099995,0.29880968616189746,105.28061275770854,352.3333333333333,78,1514,10.42.0.202,32.192.123.231,TLSv1.3,0
90.161964646,4.74536656031579,10.931765706586422,0.00011742500004174872,30.009020825999983,0.22182302790900077,44.25369406784566,199.5,54,1514,10.42.0.202,172.64.144.78,TCP,0
90.08885233400002,6.005923488933335,22.45828757704397,1.609200000984856e-05,90.03713831200002,0.1776024400963704,108.12658556117152,608.8125,78,1514,10.42.0.202,172.64.144.78,TLSv1.3,0
7.6407935180000095,1.2734655863333348,0.7370041159809534,0.2623885750000454,2.010264747000008,0.9161352133792855,657.7850832063269,718.0,718,718,fe80::13d8:2741:3498:3dbc,ff02::c,UDP/XML,0
6.544367056999988,1.0907278428333314,0.7470205948764385,0.16485921100002088,2.0157880579999983,1.0696221558221826,746.5962647638835,698.0,698,698,10.42.0.202,239.255.255.250,UDP/XML,0
1.4523127850000037,0.009682085233333358,0.014575161800740522,2.620300000444331e-05,0.132525663000024,103.9720930364182,19919.951334725683,191.58940397350995,54,1514,10.42.0.202,34.194.204.84,TCP,0
1.406020538000007,0.009189676718954294,0.01564796426676112,3.6490000070443784e-06,0.16651256900001954,109.52898328146557,60184.04263167283,549.4805194805194,78,1514,10.42.0.202,34.194.204.84,TLSv1.3,0
0.9053474679999454,0.04526737339999727,0.1408085325105946,6.718500003444206e-05,0.6555542240000136,23.195514144853462,4530.85709629471,195.33333333333334,54,1514,10.42.0.202,44.196.67.86,TCP,0
0.8766127360000269,0.0417434636190489,0.14428833813899927,6.130000031134841e-06,0.6850194890000125,25.09660092367096,13326.295090469279,531.0,78,1514,10.42.0.202,44.196.67.86,TLSv1.3,0
54.018773947,0.09186866317517006,0.8742107585508525,2.629999983128073e-06,14.223564093999983,10.903616594073233,8361.648497301463,766.8692699490662,64,1292,10.42.0.202,142.250.68.206,QUIC,0
68.82367246500002,0.8193294341071431,4.099202482782272,2.332999997634033e-06,22.621472956000048,1.2350401679484102,480.2126770669995,388.8235294117647,54,1466,10.42.0.202,142.251.211.110,TCP,0
23.708497969999996,0.47416995939999995,3.1496554832547847,2.2039999976186664e-06,22.508763845000033,2.151127417035606,2022.9455303616608,940.4117647058823,85,1466,10.42.0.202,142.251.211.110,TLSv1.3,0
3.681907698000032,0.027893240136363878,0.2286133423244834,3.4450000043761975e-06,2.4181892450000078,36.12257854053322,26176.919115151366,724.6691729323309,65,1292,10.42.0.202,142.251.211.129,QUIC,0
61.03650997099999,2.347558075807692,9.000962047960591,2.611000013530429e-06,45.02590256299999,0.44235818877633065,97.4826378970062,220.37037037037038,54,1514,10.42.0.202,52.201.112.34,TCP,0
60.02760190999999,5.002300159166666,16.58162768069809,3.3814000005349953e-05,59.99733581700002,0.216567038934706,81.82902271132892,377.84615384615387,78,1514,10.42.0.202,52.201.112.34,TLSv1.3,0
41.61062828300004,0.00553259251203298,0.3855766823453746,-1.1479999670882535e-06,33.43407624900004,180.77112291700487,208630.44751349522,1154.113799521404,64,1292,10.42.0.202,173.194.48.82,QUIC,0
61.80177159700003,3.635398329235296,10.923578162360672,8.592500000759173e-05,45.05058413900002,0.2912537866612509,84.86811727990339,291.3888888888889,54,1466,10.42.0.202,173.194.48.82,TCP,0
0.012996076999968409,0.004332025666656136,0.003751226432134921,0.00012229599997226615,0.009232633999999962,307.7851877924179,185825.30712967232,603.75,118,1466,10.42.0.202,173.194.48.82,TLSv1.3,0
73.549611508,0.0003952643879039322,0.034649889464006954,-0.000852514000030169,10.438275449000002,2529.9657766344594,2963970.6251376765,1171.545738883694,64,1292,10.42.0.202,74.125.0.134,QUIC,0
0.46452488600004926,0.033180349000003516,0.029851364420319538,5.525900002112394e-05,0.09814596799998299,32.29105792191812,11181.316989762847,346.26666666666665,54,1514,10.42.0.202,52.182.143.213,TCP,0
0.4026468339999951,0.028760488142856793,0.033912590699280654,2.2240000021156447e-05,0.12789182500000607,37.25349048690193,12864.872048143467,345.3333333333333,92,1369,10.42.0.202,52.182.143.213,TLSv1.2,0
2.0294838050000408,0.007171320865724526,0.034618290577191325,3.4439999581081793e-06,0.38885809800001425,139.9370614834713,105391.33127006929,753.1338028169014,65,1292,10.42.0.202,142.251.211.110,QUIC,0
45.43348096099999,0.8737207877115382,6.18245039428924,1.9999999949504854e-06,45.02504330099998,1.1665405969112317,268.61248008876737,230.26415094339623,54,1466,10.42.0.202,142.250.190.238,TCP,0
0.35043023000002904,0.00493563704225393,0.013433809261264619,2.6479999633011175e-06,0.08239877900001602,205.46172628997797,270807.1161554531,1318.0416666666667,85,1466,10.42.0.202,142.250.190.238,TLSv1.3,0
45.60919762100002,2.533844312277779,10.306731933539357,7.2219999651679245e-06,45.028055053,0.41658264102527764,123.26461093916375,295.89473684210526,54,1466,10.42.0.202,142.251.40.243,TCP,0
0.5887106380000091,0.018397207437500285,0.03338346137409873,2.611000013530429e-06,0.1772662160000209,56.05470305770063,15060.030221502237,268.6666666666667,54,1466,10.42.0.202,216.239.34.157,TCP,0
0.5005394069999625,0.03575281478571161,0.10798328247193853,1.9814999973277736e-05,0.4237047999999959,29.96767045756524,10888.253599582038,363.3333333333333,85,1466,10.42.0.202,142.251.40.243,TLSv1.3,0
0.30746214599997757,0.005590220836363229,0.013394896811236012,9.51799995618785e-06,0.08837335900000198,182.13624255391778,196150.97593186123,1076.9464285714287,85,1466,10.42.0.202,216.239.34.157,TLSv1.3,0
42.83019084099999,0.16041269977902617,2.490859445210368,1.3889999763705418e-06,40.77267958300001,6.257268406645811,7204.123865463401,1151.3208955223881,54,1514,10.42.0.202,104.17.147.22,TCP,0
42.69249320900002,0.3470934407235774,3.661059229639449,1.4820000160398195e-06,40.77249723199998,2.9044918832208073,3152.1935095519366,1085.282258064516,85,1514,10.42.0.202,104.17.147.22,TLSv1.3,0
46.28234996600003,0.03353793475797103,1.1852021689813323,1.3889999763705418e-06,44.03083274200003,29.838588598342806,38880.048254289606,1303.0123099203477,54,1514,10.42.0.202,199.232.38.219,TCP,0
1.2305818469999963,0.006376071746113971,0.04619547930539352,1.9999999949504854e-06,0.6245603010000309,157.649001952164,187617.75217378183,1190.0979381443299,75,1510,10.42.0.202,199.232.38.219,TLSv1.3,0
45.566903819000004,0.34005152103731345,3.876541276303411,1.6109999592117674e-06,45.045042432,2.962676607044544,3517.1799391200584,1187.1629629629629,54,1514,10.42.0.202,23.58.157.15,TCP,0
0.4730647220000037,0.02056803139130451,0.07154261127669755,1.598099999000624e-05,0.35440952500005096,50.73301576692039,40070.62695323929,789.8333333333334,85,1514,10.42.0.202,23.58.157.15,TLSv1.3,0
46.18420867399999,1.1842104788205126,7.100231225881035,1.4239999984511087e-05,44.94795504899997,0.8660969008335208,361.89859001328665,417.85,54,1514,10.42.0.202,104.18.86.42,TCP,0
1.146927962999996,0.015499026527026973,0.08209995340639946,2.611000013530429e-06,0.6460504629999946,65.39207554398101,65983.21990689861,1009.04,85,1514,10.42.0.202,104.18.86.42,TLSv1.3,0
45.09025082599999,1.8036100330399996,8.809976040362436,3.2219999752669537e-06,44.96347283900002,0.5766213210995902,478.9727181456865,830.6538461538462,54,1514,10.42.0.202,184.31.67.254,TCP,0
0.04489548100002594,0.005611935125003242,0.00829115105875121,6.531400003950694e-05,0.02611102599996684,200.4656103360336,148389.09956207286,740.2222222222222,134,1514,10.42.0.202,184.31.67.254,TLSv1.3,0
45.154870502999984,3.225347893071427,11.591037308028717,7.592000031308999e-06,45.017402703000016,0.3321900790082752,113.36540096289072,341.26666666666665,54,1514,10.42.0.202,104.18.32.137,TCP,0
0.08109619499998644,0.008109619499998643,0.013802052933092727,9.777000002486602e-06,0.047279709999997976,135.6413824347966,55588.304728733005,409.8181818181818,85,1514,10.42.0.202,104.18.32.137,TLSv1.3,0
0.6964129149999962,0.012435944910714218,0.07264618051251176,2.9819999554092647e-06,0.549280667000005,81.84799387300322,61371.636107581704,749.8245614035088,63,1494,10.42.0.202,23.58.157.15,QUIC,0
45.16959823600001,2.377347275578948,10.050807476366332,3.6659999977928237e-06,45.01928465200001,0.4427756894251069,149.76887694804242,338.25,54,1466,10.42.0.202,142.250.191.10,TCP,0
0.12167925500000365,0.006404171315789665,0.012897160318302977,6.3699999941491114e-06,0.056916492000027574,164.3665553343452,54232.7449325672,329.95,85,1466,10.42.0.202,142.250.191.10,TLSv1.3,0
0.0563755869999909,0.0033162109999994647,0.005431538768444253,4.851999960919784e-06,0.022978043999955844,319.28714108117236,241842.27119448353,757.4444444444445,66,1292,10.42.0.202,142.250.191.10,QUIC,0
45.21445247300005,2.2607226236500026,9.809900886949203,1.7959999922823044e-06,45.02100467499997,0.4644532633131014,150.81460964438278,324.7142857142857,54,1466,10.42.0.202,142.251.41.170,TCP,0
0.1653071140000293,0.008700374421054173,0.02106128958155248,1.7295999953148566e-05,0.09533202599999413,120.98692860850778,41921.970762847945,346.5,85,1466,10.42.0.202,142.251.41.170,TLSv1.3,0
0.5098979360000158,0.010848892255319485,0.01752647307499081,3.6110000110056717e-06,0.09123345599999766,94.13648616926058,24755.934685720338,262.9791666666667,54,1514,10.42.0.202,24.24.52.1,TCP,0
57.48073687599998,0.0007968936639724942,0.02894790627754983,-0.0005627929999718617,5.407431820999989,1254.8899669746124,1514038.9934064497,1206.511354183996,54,1514,10.42.0.202,67.216.14.109,TCP,0
0.46152791700001217,0.010489270840909367,0.03576190289249603,7.056000015381869e-06,0.24142752199998085,97.50222758463994,21805.831520262585,223.64444444444445,54,1514,10.42.0.202,192.154.248.136,TCP,0
19.94025519500002,0.0006062341966131588,0.024216253850948298,1.3519999697564344e-06,4.165976430000001,1649.5776848557011,2079588.1293634546,1260.679111057064,54,1514,10.42.0.202,132.236.90.164,TCP,0
20.530558300999985,0.022837106007786413,0.17694982707056978,1.3339999895833898e-06,4.169543465999993,43.83709331256537,49016.543303207894,1118.1522222222222,54,1514,10.42.0.202,172.96.145.109,TCP,0
0.45386847599996827,0.010085966133332628,0.03319940395235656,1.0148000001208857e-05,0.2179874249999898,101.35094731717656,21374.033476607172,210.8913043478261,54,1514,10.42.0.202,23.226.86.245,TCP,0
0.45540032100001326,0.010842864785714602,0.030899348313715796,1.1924999967050098e-05,0.20017368700001725,94.42241917084364,20944.210094221085,221.8139534883721,54,1514,10.42.0.202,192.230.150.250,TCP,0
0.4462228329999789,0.010883483731706802,0.03147299841202905,5.074000000604428e-06,0.2012280889999829,94.1233771423839,21061.22615200295,223.76190476190476,54,1514,10.42.0.202,204.14.56.16,TCP,0
0.47417009000002963,0.010776592954546128,0.01934334561209958,8.963000027506496e-06,0.11066905500001667,94.90265402441808,20323.930596295937,214.15555555555557,54,1514,10.42.0.202,207.66.66.2,TCP,0
20.201826911000012,0.04449741610352426,0.3132751100046012,1.8520000253374747e-06,4.168623897000032,22.522715495213447,24555.79894756379,1090.2681318681318,54,1514,10.42.0.202,38.43.0.255,TCP,0
2.7957843400000115,0.08222895117647093,0.20205003693520018,1.1722000010649936e-05,0.7173399689999655,12.518848288562864,8004.193914327422,639.3714285714286,54,1514,10.42.0.202,98.87.241.185,TCP,0
1.4474864560000356,0.08514626211764915,0.18778479180801955,5.446199998004886e-05,0.699566649000019,12.435349515974716,6397.987325968992,514.5,85,1514,10.42.0.202,98.87.241.185,TLSv1.3,0
0.3112818559999937,0.06225637119999874,0.07590986685098075,0.0073108509999997295,0.20052504599999565,19.275135650695045,24903.475260698,1292.0,1292,1292,10.42.0.202,74.125.0.134,UDP,0
